<?xml version="1.0" encoding="UTF-8"?>
<menu>
	<item id="file" text="File">
			<item id="file_create" text="Create" img="new.gif">
				<item id="file_create_newfodler" text="Folder" enabled="false"></item>
				<item id="file_create_newtxt" text="Text File" enabled="false"></item>
				<item id="file_create_newimage" text="Image" enabled="false"></item>
			</item>
			<item id="close" text="Close"></item>
	</item>
	<item id="edit" text="Edit">
		<item id="undo" text="Undo" enabled="false"></item>
		<item id="ms1" type="separator"/>
		<item id="copy" text="Copy" enabled="false"></item>
		<item id="cut" text="Cut" enabled="false"></item>
		<item id="paste" text="Paste" enabled="false"></item>
		<item id="pastelk" text="Paste as Link" enabled="false"></item>
		<item id="ms2" type="separator"/>
		<item id="selectall" text="Select All" enabled="false"></item>
		<item id="selectinv" text="Invert Selection" enabled="false"></item>
	</item>
	<item id="view" text="View">
			<item id="toolbar" text="Toolbar" enabled="false"></item>
			<item id="status" text="Statusbar" type="checkbox" enabled="false"></item>
			<item id="ms3" type="separator"/>
			<item id="view_dlist" text="Details" type="radio" group="view" checked="true"></item>
			<item id="view_icons" text="Icons" type="radio" group="view"></item>
			<item id="view_tiles" text="Tiles" type="radio" group="view"></item>
			<item id="view_thumbs" text="Thumbnails" type="radio" group="view"></item>
			<item id="ms4" type="separator"/>
			<item id="sortby" text="Sort By">
				<item id="sortbyname" text="Name" enabled="false"></item>
				<item id="sortbysize" text="Size" enabled="false"></item>
				<item id="sortbymodif" text="Modified Date" enabled="false"></item>
			</item>
			<item id="refresh" text="Refresh" enabled="false"></item>
	</item>
	<item id="help" text="Help">
		<item id="support" text="Support" enabled="false"></item>
		<item id="ms5" type="separator"/>
		<item id="license" text="License Terms" enabled="false"></item>
		<item id="about" text="About..." enabled="false"></item>
	</item>
</menu>
