<?xml version="1.0"?>
<tree id="0"><item id="/calendar" text="calendar"><item id="/calendar/calendar.css" text="calendar.css"/><item id="/calendar/calendar.js" text="calendar.js"/><item id="/calendar/calendar_init.js" text="calendar_init.js"/><item id="/calendar/event.js" text="event.js"/><item id="/calendar/img" text="img"/><item id="/calendar/YAHOO.js" text="YAHOO.js"/></item><item id="/dhtmlxcommon.js" text="dhtmlxcommon.js"/><item id="/dhtmlxcommon_debug.js" text="dhtmlxcommon_debug.js"/><item id="/dhtmlxgrid.css" text="dhtmlxgrid.css"/><item id="/dhtmlxgrid.js" text="dhtmlxgrid.js"/><item id="/dhtmlxgridcell.js" text="dhtmlxgridcell.js"/><item id="/dhtmlxgrid_skins.css" text="dhtmlxgrid_skins.css"/><item id="/excells" text="excells"><item id="/excells/dhtmlxgrid_excell_3but.js" text="dhtmlxgrid_excell_3but.js"/><item id="/excells/dhtmlxgrid_excell_acheck.js" text="dhtmlxgrid_excell_acheck.js"/><item id="/excells/dhtmlxgrid_excell_acomplete.js" text="dhtmlxgrid_excell_acomplete.js"/><item id="/excells/dhtmlxgrid_excell_calck.js" text="dhtmlxgrid_excell_calck.js"/><item id="/excells/dhtmlxgrid_excell_calendar.js" text="dhtmlxgrid_excell_calendar.js"/><item id="/excells/dhtmlxgrid_excell_clist.js" text="dhtmlxgrid_excell_clist.js"/><item id="/excells/dhtmlxgrid_excell_cntr.js" text="dhtmlxgrid_excell_cntr.js"/><item id="/excells/dhtmlxgrid_excell_combo.js" text="dhtmlxgrid_excell_combo.js"/><item id="/excells/dhtmlxgrid_excell_cor.js" text="dhtmlxgrid_excell_cor.js"/><item id="/excells/dhtmlxgrid_excell_dec.js" text="dhtmlxgrid_excell_dec.js"/><item id="/excells/dhtmlxgrid_excell_grid.js" text="dhtmlxgrid_excell_grid.js"/><item id="/excells/dhtmlxgrid_excell_limit.js" text="dhtmlxgrid_excell_limit.js"/><item id="/excells/dhtmlxgrid_excell_link.js" text="dhtmlxgrid_excell_link.js"/><item id="/excells/dhtmlxgrid_excell_liveedit.js" text="dhtmlxgrid_excell_liveedit.js"/><item id="/excells/dhtmlxgrid_excell_mro.js" text="dhtmlxgrid_excell_mro.js"/><item id="/excells/dhtmlxgrid_excell_num.js" text="dhtmlxgrid_excell_num.js"/><item id="/excells/dhtmlxgrid_excell_passw.js" text="dhtmlxgrid_excell_passw.js"/><item id="/excells/dhtmlxgrid_excell_ra_str.js" text="dhtmlxgrid_excell_ra_str.js"/><item id="/excells/dhtmlxgrid_excell_sub_row.js" text="dhtmlxgrid_excell_sub_row.js"/><item id="/excells/dhtmlxgrid_excell_time.js" text="dhtmlxgrid_excell_time.js"/><item id="/excells/dhtmlxgrid_excell_wbut.js" text="dhtmlxgrid_excell_wbut.js"/></item><item id="/ext" text="ext"><item id="/ext/dhtmlxgrid_drag.js" text="dhtmlxgrid_drag.js"/><item id="/ext/dhtmlxgrid_fast.js" text="dhtmlxgrid_fast.js"/><item id="/ext/dhtmlxgrid_filter.js" text="dhtmlxgrid_filter.js"/><item id="/ext/dhtmlxgrid_form.js" text="dhtmlxgrid_form.js"/><item id="/ext/dhtmlxgrid_hmenu.js" text="dhtmlxgrid_hmenu.js"/><item id="/ext/dhtmlxgrid_math.js" text="dhtmlxgrid_math.js"/><item id="/ext/dhtmlxgrid_mcol.js" text="dhtmlxgrid_mcol.js"/><item id="/ext/dhtmlxgrid_nxml.js" text="dhtmlxgrid_nxml.js"/><item id="/ext/dhtmlxgrid_over.js" text="dhtmlxgrid_over.js"/><item id="/ext/dhtmlxgrid_pgn.js" text="dhtmlxgrid_pgn.js"/><item id="/ext/dhtmlxgrid_selection.js" text="dhtmlxgrid_selection.js"/><item id="/ext/dhtmlxgrid_splt.js" text="dhtmlxgrid_splt.js"/><item id="/ext/dhtmlxgrid_srnd.js" text="dhtmlxgrid_srnd.js"/><item id="/ext/dhtmlxgrid_ssc.js" text="dhtmlxgrid_ssc.js"/><item id="/ext/dhtmlxgrid_start.js" text="dhtmlxgrid_start.js"/><item id="/ext/dhtmlxgrid_undo.js" text="dhtmlxgrid_undo.js"/><item id="/ext/dhtmlx_extdrag.js" text="dhtmlx_extdrag.js"/></item></tree>
